<?xml version="1.0" encoding="UTF-8"?>
<model name="inqool:tempAccessModel" xmlns="http://www.alfresco.org/model/dictionary/1.0">

    <!-- Optional meta-data about the model -->
    <description>Temp Access Document Model</description>
    <author>Filip Břuska</author>
    <version>1.0</version>

    <imports>
        <!-- Import Alfresco Dictionary Definitions -->
        <import uri="http://www.alfresco.org/model/dictionary/1.0" prefix="d"/>
        <!-- Import Alfresco Content Domain Model Definitions -->
        <import uri="http://www.alfresco.org/model/content/1.0" prefix="cm"/>
        <!-- Import Alfresco System Model Definitions -->
        <import uri="http://www.alfresco.org/model/system/1.0" prefix="sys"/>
    </imports>

    <!-- Custom namespace for the inqool company -->
    <namespaces>
        <namespace uri="http://www.inqool.cz/model/content/1.0" prefix="inqool"/>
    </namespaces>

    <!-- ===============================================================================================================
        Constraints, Types, and Aspects go here...
        -->

    <aspects>
        <!-- A document can have security classification applied and
             faceted search is specifically enabled for best performance and we change
             default index config to not tokenize the value. -->
        <aspect name="inqool:tempAccess">
            <title>inqool Security Classified</title>
            <description>Content has been security classified</description>
            <properties>
                <property name="inqool:tempUser">
                    <type>d:text</type>
                    <index enabled="true">
                        <atomic>true</atomic>
                        <stored>false</stored>
                        <tokenised>false</tokenised>
                    </index>
                </property>
                <property name="inqool:dueDate">
                    <type>d:date</type>
                    <index enabled="true">
                        <atomic>true</atomic>
                        <stored>false</stored>
                        <tokenised>false</tokenised>
                    </index>
                </property>
            </properties>
        </aspect>
    </aspects>

</model>