<?xml version="1.0" encoding="UTF-8"?>
<model name="inqool:contentModel" xmlns="http://www.alfresco.org/model/dictionary/1.0">

    <!-- Optional meta-data about the model -->
    <description>Assoc Document Model</description>
    <author>Filip Břuska</author>
    <version>1.0</version>

    <imports>
        <!-- Import Alfresco Dictionary Definitions -->
        <import uri="http://www.alfresco.org/model/dictionary/1.0" prefix="d"/>
        <!-- Import Alfresco Content Domain Model Definitions -->
        <import uri="http://www.alfresco.org/model/content/1.0" prefix="cm"/>
        <!-- Import Alfresco System Model Definitions -->
        <import uri="http://www.alfresco.org/model/system/1.0" prefix="sys"/>
    </imports>

    <!-- Custom namespace for the InQool company -->
    <namespaces>
        <namespace uri="http://www.inqool.org/model/content/1.0" prefix="inqool"/>
    </namespaces>

    <!-- ===============================================================================================================
        Constraints, Types, and Aspects go here...
        -->

    <types>
        <!--
            inqool Enterprise-wide Document root type.
            All other custom document types would extend this one.
        -->
        <type name="inqool:document">
            <title>InQool Sample Document Type</title>
            <parent>cm:content</parent>
            <properties>
            </properties>
            <mandatory-aspects>
                <aspect>inqool:assocAspect</aspect>
            </mandatory-aspects>
        </type>

        <type name="inqool:folder">
            <title>InQool Sample Folder Type</title>
            <parent>cm:folder</parent>
            <properties>
            </properties>
            <mandatory-aspects>
                <aspect>inqool:assocAspect</aspect>
            </mandatory-aspects>
        </type>
    </types>

    <aspects>
        <!-- A document can have security classification applied and
             faceted search is specifically enabled for best performance and we change
             default index config to not tokenize the value. -->
        <aspect name="inqool:assocAspect">
            <title>InQool Security Classified</title>
            <description>Content has been security classified</description>
            <properties>
            </properties>
            <associations>
                <association name="inqool:assocToNode">
                    <target>
                        <class>cm:content</class>
                        <mandatory enforced="false">false</mandatory>
                        <many>true</many>
                    </target>
                </association>
            </associations>
        </aspect>
    </aspects>

</model>